Workbook

Sheet Operatsiyalar
A1: Operatsiyalar jurnali
A2: Bot yozadigan asosiy jadval. Mijoz va summa shu yerga tushadi.
A4: Sana | B4: Vaqt | C4: Mijoz_ID | D4: Mijoz_nomi | E4: Turi | F4: Summa | G4: Izoh | H4: Telegram_user | I4: Matn | J4: Manba

Sheet Mijozlar
A1: Mijozlar bazasi
A2: Mijozlarni shu yerda saqlaysiz. Formulalar avtomatik hisoblaydi.
A4: ID | B4: Nomi | C4: Telefon | D4: Boshlang'ich_qarz | E4: =IF(A4="","",SUMIFS(Operatsiyalar!$F:$F,Operatsiyalar!$C:$C,A4,Operatsiyalar!$E:$E,"kirim")) | F4: =IF(A4="","",SUMIFS(Operatsiyalar!$F:$F,Operatsiyalar!$C:$C,A4,Operatsiyalar!$E:$E,"chiqim")) | G4: =IF(A4="","",D4+F4-E4)
E5: =IF(A5="","",SUMIFS(Operatsiyalar!$F:$F,Operatsiyalar!$C:$C,A5,Operatsiyalar!$E:$E,"kirim")) | F5: =IF(A5="","",SUMIFS(Operatsiyalar!$F:$F,Operatsiyalar!$C:$C,A5,Operatsiyalar!$E:$E,"chiqim")) | G5: =IF(A5="","",D5+F5-E5)
E6: =IF(A6="","",SUMIFS(Operatsiyalar!$F:$F,Operatsiyalar!$C:$C,A6,Operatsiyalar!$E:$E,"kirim")) | F6: =IF(A6="","",SUMIFS(Operatsiyalar!$F:$F,Operatsiyalar!$C:$C,A6,Operatsiyalar!$E:$E,"chiqim")) | G6: =IF(A6="","",D6+F6-E6)
E7: =IF(A7="","",SUMIFS(Operatsiyalar!$F:$F,Operatsiyalar!$C:$C,A7,Operatsiyalar!$E:$E,"kirim")) | F7: =IF(A7="","",SUMIFS(Operatsiyalar!$F:$F,Operatsiyalar!$C:$C,A7,Operatsiyalar!$E:$E,"chiqim")) | G7: =IF(A7="","",D7+F7-E7)
E8: =IF(A8="","",SUMIFS(Operatsiyalar!$F:$F,Operatsiyalar!$C:$C,A8,Operatsiyalar!$E:$E,"kirim")) | F8: =IF(A8="","",SUMIFS(Operatsiyalar!$F:$F,Operatsiyalar!$C:$C,A8,Operatsiyalar!$E:$E,"chiqim")) | G8: =IF(A8="","",D8+F8-E8)
E9: =IF(A9="","",SUMIFS(Operatsiyalar!$F:$F,Operatsiyalar!$C:$C,A9,Operatsiyalar!$E:$E,"kirim")) | F9: =IF(A9="","",SUMIFS(Operatsiyalar!$F:$F,Operatsiyalar!$C:$C,A9,Operatsiyalar!$E:$E,"chiqim")) | G9: =IF(A9="","",D9+F9-E9)
E10: =IF(A10="","",SUMIFS(Operatsiyalar!$F:$F,Operatsiyalar!$C:$C,A10,Operatsiyalar!$E:$E,"kirim")) | F10: =IF(A10="","",SUMIFS(Operatsiyalar!$F:$F,Operatsiyalar!$C:$C,A10,Operatsiyalar!$E:$E,"chiqim")) | G10: =IF(A10="","",D10+F10-E10)
E11: =IF(A11="","",SUMIFS(Operatsiyalar!$F:$F,Operatsiyalar!$C:$C,A11,Operatsiyalar!$E:$E,"kirim")) | F11: =IF(A11="","",SUMIFS(Operatsiyalar!$F:$F,Operatsiyalar!$C:$C,A11,Operatsiyalar!$E:$E,"chiqim")) | G11: =IF(A11="","",D11+F11-E11)
E12: =IF(A12="","",SUMIFS(Operatsiyalar!$F:$F,Operatsiyalar!$C:$C,A12,Operatsiyalar!$E:$E,"kirim")) | F12: =IF(A12="","",SUMIFS(Operatsiyalar!$F:$F,Operatsiyalar!$C:$C,A12,Operatsiyalar!$E:$E,"chiqim")) | G12: =IF(A12="","",D12+F12-E12)
E13: =IF(A13="","",SUMIFS(Operatsiyalar!$F:$F,Operatsiyalar!$C:$C,A13,Operatsiyalar!$E:$E,"kirim")) | F13: =IF(A13="","",SUMIFS(Operatsiyalar!$F:$F,Operatsiyalar!$C:$C,A13,Operatsiyalar!$E:$E,"chiqim")) | G13: =IF(A13="","",D13+F13-E13)
E14: =IF(A14="","",SUMIFS(Operatsiyalar!$F:$F,Operatsiyalar!$C:$C,A14,Operatsiyalar!$E:$E,"kirim")) | F14: =IF(A14="","",SUMIFS(Operatsiyalar!$F:$F,Operatsiyalar!$C:$C,A14,Operatsiyalar!$E:$E,"chiqim")) | G14: =IF(A14="","",D14+F14-E14)
E15: =IF(A15="","",SUMIFS(Operatsiyalar!$F:$F,Operatsiyalar!$C:$C,A15,Operatsiyalar!$E:$E,"kirim")) | F15: =IF(A15="","",SUMIFS(Operatsiyalar!$F:$F,Operatsiyalar!$C:$C,A15,Operatsiyalar!$E:$E,"chiqim")) | G15: =IF(A15="","",D15+F15-E15)
E16: =IF(A16="","",SUMIFS(Operatsiyalar!$F:$F,Operatsiyalar!$C:$C,A16,Operatsiyalar!$E:$E,"kirim")) | F16: =IF(A16="","",SUMIFS(Operatsiyalar!$F:$F,Operatsiyalar!$C:$C,A16,Operatsiyalar!$E:$E,"chiqim")) | G16: =IF(A16="","",D16+F16-E16)
... E303: =IF(A303="","",SUMIFS(Operatsiyalar!$F:$F,Operatsiyalar!$C:$C,A303,Operatsiyalar!$E:$E,"kirim")) | F303: =IF(A303="","",SUMIFS(Operatsiyalar!$F:$F,Operatsiyalar!$C:$C,A303,Operatsiyalar!$E:$E,"chiqim")) | G303: =IF(A303="","",D303+F303-E303)

Sheet Hisobot
A1: Hisobot
A2: Umumiy ko'rsatkichlar. Davr bo'yicha botdan ham alohida hisobot olish mumkin.
A4: Mijozlar to'lagan | B4: =SUMIFS(Operatsiyalar!$F:$F,Operatsiyalar!$E:$E,"kirim")
A5: Biz bergan | B5: =SUMIFS(Operatsiyalar!$F:$F,Operatsiyalar!$E:$E,"chiqim")
A6: Jami qarz qoldiq | B6: =B5-B4
A7: Operatsiyalar soni | B7: =COUNTA(Operatsiyalar!$A:$A)-3
A9: Izoh | B9: Bot: Mijozlar -> mijoz tanlash -> Mijoz to'ladi/Biz berdik -> summa; Hisobot -> tur -> davr -> bot/excel
